scenario,timestamp,junction,vehicle_count,queue_length,average_speed,average_waiting,congestion_level
high,1.0,J1,2,0,13.9,0.0,LOW
high,1.0,J2,2,0,12.73,0.0,LOW
high,1.0,J3,3,0,13.61,0.0,LOW
high,1.0,J4,2,0,13.11,0.0,LOW
high,6.0,J1,5,0,12.83,0.0,LOW
high,6.0,J2,4,0,11.93,0.0,LOW
high,6.0,J3,3,0,12.6,0.0,LOW
high,6.0,J4,2,0,12.17,0.0,LOW
high,11.0,J1,8,2,9.23,0.0,MODERATE
high,11.0,J2,6,1,10.17,0.17,LOW
high,11.0,J3,4,1,9.93,0.25,LOW
high,11.0,J4,4,1,10.12,0.0,LOW
high,16.0,J1,9,3,7.88,1.0,MODERATE
high,16.0,J2,7,3,7.87,0.86,MODERATE
high,16.0,J3,8,2,8.97,0.75,MODERATE
high,16.0,J4,6,1,10.57,0.67,LOW
high,21.0,J1,10,5,5.65,2.7,MODERATE
high,21.0,J2,6,2,8.33,2.17,MODERATE
high,21.0,J3,8,2,8.39,2.0,MODERATE
high,21.0,J4,7,3,6.81,1.29,MODERATE
high,26.0,J1,12,7,5.23,4.17,HIGH
high,26.0,J2,8,3,8.29,2.88,MODERATE
high,26.0,J3,8,3,6.44,3.62,MODERATE
high,26.0,J4,6,2,8.28,3.17,MODERATE
high,31.0,J1,13,7,5.45,6.15,HIGH
high,31.0,J2,8,4,5.19,4.5,MODERATE
high,31.0,J3,10,4,6.45,4.8,MODERATE
high,31.0,J4,8,4,6.75,3.62,MODERATE
high,36.0,J1,13,8,4.06,9.0,HIGH
high,36.0,J2,10,5,6.05,5.6,MODERATE
high,36.0,J3,12,5,6.55,5.92,MODERATE
high,36.0,J4,7,3,7.07,6.14,MODERATE
high,41.0,J1,16,11,3.77,10.06,CRITICAL
high,41.0,J2,9,5,5.23,8.67,MODERATE
high,41.0,J3,12,6,5.55,8.25,HIGH
high,41.0,J4,10,5,6.61,5.8,MODERATE
high,46.0,J1,17,12,3.37,8.53,CRITICAL
high,46.0,J2,12,6,5.46,3.33,HIGH
high,46.0,J3,13,8,4.38,5.08,HIGH
high,46.0,J4,9,5,5.64,2.0,MODERATE
high,51.0,J1,19,8,4.63,0.32,HIGH
high,51.0,J2,14,4,6.41,0.43,MODERATE
high,51.0,J3,15,3,5.85,0.4,HIGH
high,51.0,J4,11,3,7.11,0.64,MODERATE
high,56.0,J1,23,4,7.45,0.87,HIGH
high,56.0,J2,16,6,6.83,1.62,HIGH
high,56.0,J3,15,5,8.1,1.47,HIGH
high,56.0,J4,14,4,8.41,1.93,MODERATE
high,61.0,J1,19,5,7.5,2.11,HIGH
high,61.0,J2,17,6,6.44,3.12,HIGH
high,61.0,J3,11,5,6.85,3.91,MODERATE
high,61.0,J4,13,5,7.36,3.85,MODERATE
high,66.0,J1,13,6,5.99,5.15,HIGH
high,66.0,J2,20,8,6.91,4.3,HIGH
high,66.0,J3,10,7,3.51,6.8,HIGH
high,66.0,J4,10,6,4.56,7.5,HIGH
high,71.0,J1,12,7,3.88,8.17,HIGH
high,71.0,J2,20,11,5.16,6.3,CRITICAL
high,71.0,J3,13,7,4.51,7.69,HIGH
high,71.0,J4,9,6,4.13,11.33,HIGH
high,76.0,J1,13,8,4.28,10.31,HIGH
high,76.0,J2,17,11,3.65,10.35,CRITICAL
high,76.0,J3,12,8,3.66,11.5,HIGH
high,76.0,J4,10,7,3.32,13.2,HIGH
high,81.0,J1,15,9,4.33,11.73,HIGH
high,81.0,J2,17,13,2.24,13.71,CRITICAL
high,81.0,J3,15,11,3.17,12.07,CRITICAL
high,81.0,J4,11,8,2.99,15.09,CRITICAL
high,86.0,J1,15,10,3.15,15.0,CRITICAL
high,86.0,J2,22,14,3.4,13.55,CRITICAL
high,86.0,J3,14,10,2.52,16.5,CRITICAL
high,86.0,J4,12,8,3.9,16.83,HIGH
high,91.0,J1,16,11,3.22,7.44,CRITICAL
high,91.0,J2,23,18,2.27,10.74,CRITICAL
high,91.0,J3,16,13,2.26,7.69,CRITICAL
high,91.0,J4,13,9,3.21,6.31,HIGH
high,96.0,J1,17,5,6.1,0.24,HIGH
high,96.0,J2,25,13,3.91,2.04,CRITICAL
high,96.0,J3,15,5,5.52,0.0,HIGH
high,96.0,J4,9,1,6.72,0.33,MODERATE
high,101.0,J1,21,5,8.45,0.71,HIGH
high,101.0,J2,27,9,6.17,0.67,CRITICAL
high,101.0,J3,17,3,9.51,0.47,HIGH
high,101.0,J4,11,3,8.72,1.45,MODERATE
high,106.0,J1,18,4,8.72,1.89,HIGH
high,106.0,J2,20,4,6.46,1.9,HIGH
high,106.0,J3,15,3,9.29,1.53,HIGH
high,106.0,J4,13,4,8.0,2.38,MODERATE
high,111.0,J1,13,6,5.3,4.31,HIGH
high,111.0,J2,16,6,6.11,3.81,HIGH
high,111.0,J3,13,4,8.24,3.08,MODERATE
high,111.0,J4,14,4,8.02,3.64,MODERATE
high,116.0,J1,12,8,3.03,7.67,HIGH
high,116.0,J2,12,6,5.87,7.33,HIGH
high,116.0,J3,11,5,6.05,5.55,MODERATE
high,116.0,J4,14,4,8.13,5.07,MODERATE
high,121.0,J1,15,10,3.31,9.07,CRITICAL
high,121.0,J2,12,7,4.59,9.83,HIGH
high,121.0,J3,12,6,5.22,7.25,HIGH
high,121.0,J4,15,5,8.06,6.2,HIGH
high,126.0,J1,16,11,3.45,11.56,CRITICAL
high,126.0,J2,14,8,5.16,10.79,HIGH
high,126.0,J3,14,7,5.43,8.5,HIGH
high,126.0,J4,12,6,5.24,9.83,HIGH
high,131.0,J1,18,12,3.53,13.39,CRITICAL
high,131.0,J2,13,8,4.92,14.46,HIGH
high,131.0,J3,13,9,3.86,12.0,HIGH
high,131.0,J4,11,6,5.36,13.27,HIGH
high,136.0,J1,18,13,2.64,10.22,CRITICAL
high,136.0,J2,14,10,3.19,5.07,CRITICAL
high,136.0,J3,16,12,3.55,5.19,CRITICAL
high,136.0,J4,12,8,4.08,2.08,HIGH
high,141.0,J1,18,11,3.79,0.44,CRITICAL
high,141.0,J2,16,3,6.51,0.56,HIGH
high,141.0,J3,17,4,6.14,0.47,HIGH
high,141.0,J4,11,3,6.76,0.27,MODERATE
high,146.0,J1,25,3,7.6,0.56,CRITICAL
high,146.0,J2,15,4,8.04,1.73,HIGH
high,146.0,J3,16,5,7.38,1.75,HIGH
high,146.0,J4,16,5,8.2,1.25,HIGH
high,151.0,J1,17,3,8.07,1.65,HIGH
high,151.0,J2,18,6,6.93,2.56,HIGH
high,151.0,J3,12,6,5.89,4.67,HIGH
high,151.0,J4,14,5,7.92,3.07,MODERATE
high,156.0,J1,13,5,6.5,3.46,MODERATE
high,156.0,J2,21,8,6.37,3.57,HIGH
high,156.0,J3,12,7,4.42,7.17,HIGH
high,156.0,J4,10,6,4.43,6.8,HIGH
high,161.0,J1,13,7,5.95,5.54,HIGH
high,161.0,J2,19,9,5.31,6.0,HIGH
high,161.0,J3,14,9,3.35,8.79,HIGH
high,161.0,J4,10,7,3.72,9.7,HIGH
high,166.0,J1,13,8,4.7,7.85,HIGH
high,166.0,J2,19,11,4.29,8.37,CRITICAL
high,166.0,J3,14,10,3.41,11.86,CRITICAL
high,166.0,J4,11,7,4.48,11.73,HIGH
high,171.0,J1,13,8,4.06,10.62,HIGH
high,171.0,J2,18,12,3.08,11.78,CRITICAL
high,171.0,J3,13,11,1.8,16.31,CRITICAL
high,171.0,J4,12,8,3.55,13.67,HIGH
high,176.0,J1,15,9,4.1,11.87,HIGH
high,176.0,J2,20,16,2.38,13.85,CRITICAL
high,176.0,J3,16,13,2.22,16.62,CRITICAL
high,176.0,J4,12,8,4.29,16.92,HIGH
high,181.0,J1,16,11,2.92,6.81,CRITICAL
high,181.0,J2,22,19,2.07,10.05,CRITICAL
high,181.0,J3,18,14,2.08,8.78,CRITICAL
high,181.0,J4,12,9,2.66,7.42,CRITICAL
high,186.0,J1,16,5,5.52,0.31,HIGH
high,186.0,J2,22,12,3.8,1.59,CRITICAL
high,186.0,J3,18,5,5.8,0.5,HIGH
high,186.0,J4,13,2,7.51,0.31,MODERATE
high,191.0,J1,19,4,8.8,1.11,HIGH
high,191.0,J2,24,7,6.51,0.96,HIGH
high,191.0,J3,20,4,8.6,1.1,HIGH
high,191.0,J4,12,2,9.43,1.17,MODERATE
high,196.0,J1,19,5,7.88,2.21,HIGH
high,196.0,J2,18,4,6.73,2.39,HIGH
high,196.0,J3,15,4,8.19,2.73,HIGH
high,196.0,J4,14,3,8.4,1.86,MODERATE
high,201.0,J1,18,8,6.11,3.83,HIGH
high,201.0,J2,16,6,7.57,4.06,HIGH
high,201.0,J3,14,5,6.69,4.5,MODERATE
high,201.0,J4,13,3,8.87,3.15,MODERATE
high,206.0,J1,15,9,4.39,6.87,HIGH
high,206.0,J2,11,6,5.63,8.36,HIGH
high,206.0,J3,12,6,5.45,7.5,HIGH
high,206.0,J4,16,4,8.24,3.62,HIGH
high,211.0,J1,15,10,3.23,10.0,CRITICAL
high,211.0,J2,13,7,5.26,9.38,HIGH
high,211.0,J3,12,7,4.12,10.0,HIGH
high,211.0,J4,11,4,7.09,7.09,MODERATE
high,216.0,J1,16,11,3.23,12.62,CRITICAL
high,216.0,J2,12,7,3.86,13.08,HIGH
high,216.0,J3,14,9,4.3,11.14,HIGH
high,216.0,J4,11,5,5.96,9.18,MODERATE
high,221.0,J1,18,14,2.54,14.39,CRITICAL
high,221.0,J2,14,9,4.28,13.93,HIGH
high,221.0,J3,15,9,4.52,13.27,HIGH
high,221.0,J4,9,5,5.56,14.0,MODERATE
high,226.0,J1,21,17,2.71,9.57,CRITICAL
high,226.0,J2,14,11,2.94,5.43,CRITICAL
high,226.0,J3,14,10,2.95,8.5,CRITICAL
high,226.0,J4,11,7,3.22,3.55,HIGH
high,231.0,J1,22,11,3.77,0.82,CRITICAL
high,231.0,J2,15,4,5.56,0.67,HIGH
high,231.0,J3,18,5,6.5,0.17,HIGH
high,231.0,J4,8,2,6.85,1.25,MODERATE
high,236.0,J1,25,8,7.04,1.28,CRITICAL
high,236.0,J2,16,5,8.06,1.75,HIGH
high,236.0,J3,16,3,8.95,0.81,HIGH
high,236.0,J4,14,4,7.95,1.79,MODERATE
high,241.0,J1,22,6,7.08,2.68,HIGH
high,241.0,J2,18,6,7.01,2.89,HIGH
high,241.0,J3,11,6,5.63,2.55,HIGH
high,241.0,J4,16,4,8.3,2.81,HIGH
high,246.0,J1,17,9,5.45,5.35,HIGH
high,246.0,J2,20,7,6.31,4.1,HIGH
high,246.0,J3,10,5,6.01,4.8,MODERATE
high,246.0,J4,10,5,5.72,6.6,MODERATE
high,251.0,J1,16,10,4.71,8.0,CRITICAL
high,251.0,J2,20,10,5.28,6.25,CRITICAL
high,251.0,J3,10,7,3.75,7.1,HIGH
high,251.0,J4,10,6,4.07,9.2,HIGH
high,256.0,J1,15,11,3.41,11.53,CRITICAL
high,256.0,J2,19,12,3.82,9.26,CRITICAL
high,256.0,J3,11,8,3.0,9.55,HIGH
high,256.0,J4,10,6,5.32,12.2,HIGH
high,261.0,J1,17,12,3.71,13.12,CRITICAL
high,261.0,J2,18,13,2.53,13.11,CRITICAL
high,261.0,J3,12,8,3.65,11.92,HIGH
high,261.0,J4,11,7,4.58,13.91,HIGH
high,266.0,J1,17,13,2.94,16.35,CRITICAL
high,266.0,J2,20,15,2.59,15.25,CRITICAL
high,266.0,J3,13,9,3.21,14.15,HIGH
high,266.0,J4,12,8,3.74,15.67,HIGH
high,271.0,J1,18,15,2.41,9.44,CRITICAL
high,271.0,J2,22,17,2.31,11.36,CRITICAL
high,271.0,J3,16,12,2.98,7.31,CRITICAL
high,271.0,J4,11,8,3.51,5.64,HIGH
high,276.0,J1,17,5,6.13,0.35,HIGH
high,276.0,J2,23,14,3.3,2.0,CRITICAL
high,276.0,J3,17,4,5.52,0.29,HIGH
high,276.0,J4,11,1,7.6,0.18,MODERATE
high,281.0,J1,20,4,8.66,0.95,HIGH
high,281.0,J2,25,6,6.9,0.96,CRITICAL
high,281.0,J3,19,3,9.48,0.95,HIGH
high,281.0,J4,12,2,10.35,0.67,MODERATE
high,286.0,J1,17,4,8.33,2.18,HIGH
high,286.0,J2,20,5,7.51,2.2,HIGH
high,286.0,J3,17,4,8.77,2.0,HIGH
high,286.0,J4,11,2,9.52,1.64,MODERATE
high,291.0,J1,15,7,6.26,4.07,HIGH
high,291.0,J2,14,5,6.51,4.86,MODERATE
high,291.0,J3,14,5,6.88,3.93,MODERATE
high,291.0,J4,15,3,8.59,2.0,HIGH
high,296.0,J1,14,7,5.06,6.57,HIGH
high,296.0,J2,13,7,5.82,7.38,HIGH
high,296.0,J3,13,7,5.81,6.31,HIGH
high,296.0,J4,13,3,8.88,3.46,MODERATE
high,301.0,J1,15,10,3.58,8.6,CRITICAL
high,301.0,J2,12,7,4.91,10.5,HIGH
high,301.0,J3,12,7,4.56,9.67,HIGH
high,301.0,J4,11,4,7.02,5.55,MODERATE
high,306.0,J1,17,12,3.69,10.53,CRITICAL
high,306.0,J2,12,8,3.68,13.42,HIGH
high,306.0,J3,12,9,2.9,12.75,CRITICAL
high,306.0,J4,9,4,7.19,9.0,MODERATE
high,311.0,J1,19,12,4.03,12.37,CRITICAL
high,311.0,J2,14,9,4.39,14.21,HIGH
high,311.0,J3,14,10,3.7,13.93,CRITICAL
high,311.0,J4,9,5,4.94,11.33,HIGH
high,316.0,J1,18,13,2.81,9.67,CRITICAL
high,316.0,J2,14,10,3.56,5.57,CRITICAL
high,316.0,J3,16,12,2.79,7.31,CRITICAL
high,316.0,J4,9,6,4.75,2.44,HIGH
high,321.0,J1,20,11,4.29,0.45,CRITICAL
high,321.0,J2,16,3,6.2,0.38,HIGH
high,321.0,J3,17,7,4.94,0.59,HIGH
high,321.0,J4,11,2,7.5,0.55,MODERATE
high,326.0,J1,23,4,7.71,0.74,HIGH
high,326.0,J2,17,5,7.74,1.35,HIGH
high,326.0,J3,16,5,7.66,1.88,HIGH
high,326.0,J4,13,3,9.75,1.62,MODERATE
high,331.0,J1,17,4,7.96,1.94,HIGH
high,331.0,J2,21,8,6.28,2.29,HIGH
high,331.0,J3,11,6,5.28,4.91,HIGH
high,331.0,J4,13,4,7.74,2.77,MODERATE
high,336.0,J1,11,5,5.81,5.0,MODERATE
high,336.0,J2,21,9,5.73,4.19,HIGH
high,336.0,J3,10,8,2.89,8.3,CRITICAL
high,336.0,J4,9,4,7.11,6.22,MODERATE
high,341.0,J1,14,6,6.34,5.93,HIGH
high,341.0,J2,21,11,4.8,6.38,CRITICAL
high,341.0,J3,12,8,4.08,10.0,HIGH
high,341.0,J4,9,5,5.13,8.67,MODERATE
high,346.0,J1,15,8,5.61,7.73,HIGH
high,346.0,J2,17,12,3.11,11.0,CRITICAL
high,346.0,J3,14,10,3.02,11.5,CRITICAL
high,346.0,J4,8,6,2.85,12.88,CRITICAL
high,351.0,J1,13,9,3.58,11.92,HIGH
high,351.0,J2,21,14,3.49,11.76,CRITICAL
high,351.0,J3,15,11,2.95,13.93,CRITICAL
high,351.0,J4,10,6,4.76,13.1,HIGH
high,356.0,J1,14,10,3.37,14.21,CRITICAL
high,356.0,J2,21,16,2.88,15.05,CRITICAL
high,356.0,J3,15,11,2.53,17.4,CRITICAL
high,356.0,J4,10,7,2.99,16.1,CRITICAL
high,361.0,J1,18,15,2.7,6.89,CRITICAL
high,361.0,J2,21,18,1.85,12.67,CRITICAL
high,361.0,J3,18,15,2.32,8.39,CRITICAL
high,361.0,J4,11,8,3.89,3.55,HIGH
high,366.0,J1,20,7,5.75,0.5,HIGH
high,366.0,J2,25,12,4.15,1.68,CRITICAL
high,366.0,J3,17,4,6.05,0.59,HIGH
high,366.0,J4,9,2,8.08,0.0,MODERATE
high,371.0,J1,22,5,8.6,1.23,HIGH
high,371.0,J2,24,10,6.03,0.79,CRITICAL
high,371.0,J3,18,3,8.74,0.94,HIGH
high,371.0,J4,12,2,9.92,0.75,MODERATE
high,376.0,J1,20,6,8.39,2.6,HIGH
high,376.0,J2,20,4,6.56,1.8,HIGH
high,376.0,J3,14,5,7.97,2.57,MODERATE
high,376.0,J4,12,4,6.61,1.67,MODERATE
high,381.0,J1,16,9,5.43,5.19,HIGH
high,381.0,J2,14,4,6.49,4.0,MODERATE
high,381.0,J3,13,5,7.08,4.46,MODERATE
high,381.0,J4,16,3,8.26,2.19,HIGH
high,386.0,J1,15,10,4.14,8.07,CRITICAL
high,386.0,J2,14,6,6.95,5.71,HIGH
high,386.0,J3,12,7,5.43,6.92,HIGH
high,386.0,J4,15,4,7.3,3.33,HIGH
high,391.0,J1,16,10,3.72,10.25,CRITICAL
high,391.0,J2,10,6,5.05,10.5,HIGH
high,391.0,J3,13,8,4.89,8.77,HIGH
high,391.0,J4,15,4,8.07,4.53,HIGH
high,396.0,J1,17,11,3.46,12.65,CRITICAL
high,396.0,J2,12,7,5.02,11.25,HIGH
high,396.0,J3,14,9,4.29,10.71,HIGH
high,396.0,J4,12,6,6.0,7.33,HIGH
high,401.0,J1,21,15,3.5,13.14,CRITICAL
high,401.0,J2,13,7,4.5,13.08,HIGH
high,401.0,J3,15,10,4.18,12.67,CRITICAL
high,401.0,J4,10,5,6.47,11.3,MODERATE
high,406.0,J1,20,16,2.44,9.0,CRITICAL
high,406.0,J2,16,10,4.11,3.38,CRITICAL
high,406.0,J3,16,10,3.56,7.06,CRITICAL
high,406.0,J4,10,8,3.01,2.8,HIGH
high,411.0,J1,20,7,4.33,0.65,HIGH
high,411.0,J2,15,5,5.53,0.87,HIGH
high,411.0,J3,16,5,5.36,0.38,HIGH
high,411.0,J4,10,3,6.53,0.8,MODERATE
high,416.0,J1,21,4,7.71,0.86,HIGH
high,416.0,J2,19,7,7.57,2.0,HIGH
high,416.0,J3,16,6,7.03,1.56,HIGH
high,416.0,J4,14,3,9.97,1.64,MODERATE
high,421.0,J1,17,4,7.6,1.94,HIGH
high,421.0,J2,20,8,7.17,3.5,HIGH
high,421.0,J3,12,6,6.3,4.17,HIGH
high,421.0,J4,12,4,8.13,3.17,MODERATE
high,426.0,J1,12,5,5.99,4.42,MODERATE
high,426.0,J2,18,9,5.51,6.06,HIGH
high,426.0,J3,10,7,4.11,7.5,HIGH
high,426.0,J4,10,5,6.03,5.8,MODERATE
high,431.0,J1,11,6,5.06,7.27,HIGH
high,431.0,J2,20,12,4.68,7.75,CRITICAL
high,431.0,J3,12,8,3.05,9.25,HIGH
high,431.0,J4,9,5,5.78,8.89,MODERATE
high,436.0,J1,13,7,5.33,8.62,HIGH
high,436.0,J2,18,12,3.26,11.67,CRITICAL
high,436.0,J3,13,8,3.9,11.62,HIGH
high,436.0,J4,10,6,4.68,10.5,HIGH
high,441.0,J1,16,8,5.31,9.38,HIGH
high,441.0,J2,19,14,2.75,14.42,CRITICAL
high,441.0,J3,16,12,3.2,12.06,CRITICAL
high,441.0,J4,9,7,2.23,15.0,CRITICAL
high,446.0,J1,14,10,3.26,13.86,CRITICAL
high,446.0,J2,22,16,2.66,15.55,CRITICAL
high,446.0,J3,16,11,3.73,15.44,CRITICAL
high,446.0,J4,10,7,3.24,16.7,HIGH
high,451.0,J1,15,10,3.46,8.0,CRITICAL
high,451.0,J2,25,20,2.47,11.56,CRITICAL
high,451.0,J3,16,13,2.23,8.62,CRITICAL
high,451.0,J4,12,9,2.79,3.67,CRITICAL
high,456.0,J1,16,7,5.19,0.19,HIGH
high,456.0,J2,27,17,3.22,1.93,CRITICAL
high,456.0,J3,17,6,4.77,0.12,HIGH
high,456.0,J4,10,3,7.18,0.7,MODERATE
high,461.0,J1,19,3,8.57,0.84,HIGH
high,461.0,J2,30,11,5.56,1.17,CRITICAL
high,461.0,J3,19,3,9.5,0.53,HIGH
high,461.0,J4,11,4,7.48,2.0,MODERATE
high,466.0,J1,19,4,8.78,1.79,HIGH
high,466.0,J2,21,6,6.18,2.76,HIGH
high,466.0,J3,14,3,9.55,1.43,MODERATE
high,466.0,J4,16,4,8.03,2.5,HIGH
high,471.0,J1,14,6,5.89,4.07,HIGH
high,471.0,J2,18,6,6.25,4.89,HIGH
high,471.0,J3,12,4,7.92,2.92,MODERATE
high,471.0,J4,14,4,7.85,4.29,MODERATE
high,476.0,J1,13,7,5.22,6.85,HIGH
high,476.0,J2,14,8,5.35,8.71,HIGH
high,476.0,J3,10,6,5.07,5.5,HIGH
high,476.0,J4,17,5,7.44,4.82,HIGH
high,481.0,J1,17,10,4.73,7.41,CRITICAL
high,481.0,J2,14,8,4.55,11.36,HIGH
high,481.0,J3,12,7,5.1,6.83,HIGH
high,481.0,J4,16,6,6.98,6.69,HIGH
high,486.0,J1,17,10,4.37,9.94,CRITICAL
high,486.0,J2,15,9,5.05,13.27,HIGH
high,486.0,J3,11,7,4.43,10.18,HIGH
high,486.0,J4,12,6,5.29,11.17,HIGH
high,491.0,J1,18,12,3.31,12.22,CRITICAL
high,491.0,J2,14,10,3.09,17.43,CRITICAL
high,491.0,J3,12,8,4.2,12.17,HIGH
high,491.0,J4,13,8,4.83,12.62,HIGH
high,496.0,J1,19,14,2.77,8.47,CRITICAL
high,496.0,J2,16,10,3.42,8.38,CRITICAL
high,496.0,J3,15,9,3.5,7.2,HIGH
high,496.0,J4,12,7,4.62,3.17,HIGH
high,501.0,J1,21,11,4.36,0.48,CRITICAL
high,501.0,J2,15,3,6.41,0.47,HIGH
high,501.0,J3,16,4,6.1,0.56,HIGH
high,501.0,J4,12,3,5.97,0.5,MODERATE
high,506.0,J1,22,4,7.3,1.0,HIGH
high,506.0,J2,17,4,8.58,1.41,HIGH
high,506.0,J3,16,5,8.26,1.56,HIGH
high,506.0,J4,15,5,8.11,1.67,HIGH
high,511.0,J1,18,6,6.9,2.33,HIGH
high,511.0,J2,16,6,7.57,2.88,HIGH
high,511.0,J3,13,6,5.8,3.85,HIGH
high,511.0,J4,14,5,7.53,3.36,MODERATE
high,516.0,J1,13,7,5.48,5.15,HIGH
high,516.0,J2,18,8,6.36,4.28,HIGH
high,516.0,J3,12,7,5.06,6.42,HIGH
high,516.0,J4,10,6,4.42,7.2,HIGH
high,521.0,J1,13,8,4.96,7.54,HIGH
high,521.0,J2,18,9,5.37,6.39,HIGH
high,521.0,J3,13,8,4.23,8.54,HIGH
high,521.0,J4,10,7,3.72,10.0,HIGH
high,526.0,J1,13,9,3.92,10.31,HIGH
high,526.0,J2,18,11,3.92,8.89,CRITICAL
high,526.0,J3,14,9,4.13,10.79,HIGH
high,526.0,J4,10,7,3.52,13.2,HIGH
high,531.0,J1,15,9,4.53,11.67,HIGH
high,531.0,J2,20,12,4.19,10.6,CRITICAL
high,531.0,J3,15,10,3.16,13.2,CRITICAL
high,531.0,J4,11,8,2.83,15.18,CRITICAL
high,536.0,J1,16,10,3.95,13.75,CRITICAL
high,536.0,J2,21,16,3.02,13.14,CRITICAL
high,536.0,J3,16,12,3.01,15.69,CRITICAL
high,536.0,J4,11,8,3.45,18.73,HIGH
high,541.0,J1,18,13,2.89,6.11,CRITICAL
high,541.0,J2,21,18,1.88,10.67,CRITICAL
high,541.0,J3,17,12,3.97,8.29,CRITICAL
high,541.0,J4,12,9,3.36,7.42,HIGH
high,546.0,J1,19,6,5.41,0.68,HIGH
high,546.0,J2,22,13,3.82,1.5,CRITICAL
high,546.0,J3,16,7,4.74,0.19,HIGH
high,546.0,J4,11,1,7.08,0.09,MODERATE
high,551.0,J1,20,5,8.64,1.65,HIGH
high,551.0,J2,24,8,6.32,0.79,HIGH
high,551.0,J3,19,4,8.1,0.74,HIGH
high,551.0,J4,12,2,9.45,0.83,MODERATE
high,556.0,J1,19,6,7.85,3.11,HIGH
high,556.0,J2,17,4,7.28,2.24,HIGH
high,556.0,J3,17,5,7.62,1.71,HIGH
high,556.0,J4,12,2,9.91,1.67,MODERATE
high,561.0,J1,16,8,5.07,5.69,HIGH
high,561.0,J2,15,5,8.02,3.87,HIGH
high,561.0,J3,15,5,7.15,3.27,HIGH
high,561.0,J4,12,3,8.27,2.58,MODERATE
high,566.0,J1,16,10,4.83,8.12,CRITICAL
high,566.0,J2,11,6,5.03,7.55,HIGH
high,566.0,J3,11,5,5.74,6.64,MODERATE
high,566.0,J4,15,3,9.14,3.07,HIGH
high,571.0,J1,15,10,3.61,11.6,CRITICAL
high,571.0,J2,13,6,5.83,8.62,HIGH
high,571.0,J3,12,7,5.23,8.5,HIGH
high,571.0,J4,11,4,7.11,5.64,MODERATE
high,576.0,J1,17,11,3.74,13.24,CRITICAL
high,576.0,J2,12,7,4.93,11.92,HIGH
high,576.0,J3,12,8,4.19,11.33,HIGH
high,576.0,J4,9,4,6.61,9.11,MODERATE
high,581.0,J1,19,14,2.76,14.89,CRITICAL
high,581.0,J2,14,8,5.03,12.71,HIGH
high,581.0,J3,13,9,3.86,13.46,HIGH
high,581.0,J4,8,5,4.01,13.0,HIGH
high,586.0,J1,21,17,2.14,10.43,CRITICAL
high,586.0,J2,14,11,2.84,4.36,CRITICAL
high,586.0,J3,14,11,2.64,7.07,CRITICAL
high,586.0,J4,11,7,3.53,2.27,HIGH
high,591.0,J1,23,13,3.49,0.96,CRITICAL
high,591.0,J2,14,4,5.82,0.93,MODERATE
high,591.0,J3,16,3,6.2,0.44,HIGH
high,591.0,J4,11,4,6.49,1.0,MODERATE
high,596.0,J1,26,9,6.33,1.04,CRITICAL
high,596.0,J2,14,5,7.11,2.21,MODERATE
high,596.0,J3,14,3,9.03,1.29,MODERATE
high,596.0,J4,15,5,7.95,1.87,HIGH
high,601.0,J1,23,5,7.69,2.26,HIGH
high,601.0,J2,18,7,6.46,3.06,HIGH
high,601.0,J3,11,6,5.42,3.36,HIGH
high,601.0,J4,14,6,6.67,3.71,HIGH
high,606.0,J1,16,8,5.2,4.94,HIGH
high,606.0,J2,21,7,6.75,4.1,HIGH
high,606.0,J3,12,6,6.35,5.17,HIGH
high,606.0,J4,11,6,5.22,7.27,HIGH
high,611.0,J1,13,9,3.69,8.77,HIGH
high,611.0,J2,22,10,5.84,5.59,CRITICAL
high,611.0,J3,11,7,4.89,8.09,HIGH
high,611.0,J4,10,7,3.06,11.0,HIGH
high,616.0,J1,15,10,3.9,10.33,CRITICAL
high,616.0,J2,19,12,4.04,9.26,CRITICAL
high,616.0,J3,13,9,3.66,9.46,HIGH
high,616.0,J4,10,7,3.88,14.5,HIGH
high,621.0,J1,16,11,4.09,12.5,CRITICAL
high,621.0,J2,17,13,2.19,13.88,CRITICAL
high,621.0,J3,14,8,4.49,11.64,HIGH
high,621.0,J4,11,8,2.99,16.36,CRITICAL
high,626.0,J1,17,12,3.84,14.71,CRITICAL
high,626.0,J2,21,16,2.8,14.43,CRITICAL
high,626.0,J3,15,11,2.99,13.93,CRITICAL
high,626.0,J4,12,9,2.59,18.33,CRITICAL
high,631.0,J1,18,13,3.7,7.67,CRITICAL
high,631.0,J2,22,16,2.33,11.09,CRITICAL
high,631.0,J3,16,11,3.39,8.69,CRITICAL
high,631.0,J4,13,10,3.35,7.69,CRITICAL
high,636.0,J1,19,6,5.39,0.16,HIGH
high,636.0,J2,24,15,3.53,1.62,CRITICAL
high,636.0,J3,16,6,5.45,0.12,HIGH
high,636.0,J4,13,4,5.83,0.31,MODERATE
high,641.0,J1,21,5,7.96,1.05,HIGH
high,641.0,J2,27,10,5.85,1.0,CRITICAL
high,641.0,J3,20,3,8.76,0.65,HIGH
high,641.0,J4,13,3,9.67,1.46,MODERATE
high,646.0,J1,19,5,8.22,2.42,HIGH
high,646.0,J2,22,6,6.44,2.36,HIGH
high,646.0,J3,16,3,9.36,1.75,HIGH
high,646.0,J4,12,4,7.02,2.83,MODERATE
high,651.0,J1,15,7,6.0,5.0,HIGH
high,651.0,J2,15,6,6.7,5.2,HIGH
high,651.0,J3,11,5,5.92,4.27,MODERATE
high,651.0,J4,16,4,8.39,3.31,HIGH
high,656.0,J1,15,8,4.93,7.53,HIGH
high,656.0,J2,13,7,5.32,8.31,HIGH
high,656.0,J3,11,5,6.09,6.55,MODERATE
high,656.0,J4,17,5,7.7,4.35,HIGH
high,661.0,J1,16,11,3.74,9.81,CRITICAL
high,661.0,J2,13,8,4.74,11.0,HIGH
high,661.0,J3,12,6,5.28,8.42,HIGH
high,661.0,J4,13,5,6.61,7.62,MODERATE
high,666.0,J1,17,12,3.65,12.12,CRITICAL
high,666.0,J2,12,8,3.87,15.08,HIGH
high,666.0,J3,12,8,3.57,11.33,HIGH
high,666.0,J4,12,6,5.06,10.5,HIGH
high,671.0,J1,17,12,2.89,15.41,CRITICAL
high,671.0,J2,14,9,3.9,15.86,HIGH
high,671.0,J3,14,8,4.45,12.5,HIGH
high,671.0,J4,10,6,4.95,15.6,HIGH
high,676.0,J1,19,16,1.87,10.53,CRITICAL
high,676.0,J2,15,11,3.55,6.87,CRITICAL
high,676.0,J3,16,12,2.91,6.25,CRITICAL
high,676.0,J4,11,8,3.65,3.09,HIGH
high,681.0,J1,22,11,4.21,0.82,CRITICAL
high,681.0,J2,16,3,6.45,0.5,HIGH
high,681.0,J3,19,9,4.47,0.58,HIGH
high,681.0,J4,9,2,7.45,0.56,MODERATE
high,686.0,J1,25,6,6.75,0.92,CRITICAL
high,686.0,J2,15,5,7.21,1.73,HIGH
high,686.0,J3,18,5,8.06,1.94,HIGH
high,686.0,J4,12,3,9.59,1.17,MODERATE
high,691.0,J1,18,4,7.52,2.33,HIGH
high,691.0,J2,21,8,7.25,2.52,HIGH
high,691.0,J3,12,7,5.26,5.0,HIGH
high,691.0,J4,12,4,8.08,2.42,MODERATE
high,696.0,J1,13,5,5.75,5.08,MODERATE
high,696.0,J2,21,9,6.43,4.29,HIGH
high,696.0,J3,13,9,3.63,7.23,HIGH
high,696.0,J4,8,4,6.04,6.12,MODERATE
high,701.0,J1,12,6,5.56,7.92,HIGH
high,701.0,J2,21,11,4.81,6.52,CRITICAL
high,701.0,J3,13,8,4.19,10.23,HIGH
high,701.0,J4,8,5,3.98,8.75,HIGH
high,706.0,J1,13,7,4.87,9.77,HIGH
high,706.0,J2,19,12,3.62,9.95,CRITICAL
high,706.0,J3,14,10,3.43,12.43,CRITICAL
high,706.0,J4,9,6,3.71,10.56,HIGH
high,711.0,J1,13,9,3.67,12.77,HIGH
high,711.0,J2,21,15,3.03,11.95,CRITICAL
high,711.0,J3,17,11,3.5,13.29,CRITICAL
high,711.0,J4,8,6,3.09,15.38,HIGH
high,716.0,J1,14,10,3.21,15.07,CRITICAL
high,716.0,J2,22,16,3.23,14.55,CRITICAL
high,716.0,J3,17,12,3.14,16.53,CRITICAL
high,716.0,J4,10,7,3.56,15.3,HIGH
high,721.0,J1,17,12,2.86,7.82,CRITICAL
high,721.0,J2,22,17,2.53,12.32,CRITICAL
high,721.0,J3,19,17,1.74,9.11,CRITICAL
high,721.0,J4,12,11,1.45,3.25,CRITICAL
high,726.0,J1,19,7,5.6,0.11,HIGH
high,726.0,J2,25,14,3.98,1.84,CRITICAL
high,726.0,J3,17,6,5.68,0.47,HIGH
high,726.0,J4,9,2,7.17,0.89,MODERATE
high,731.0,J1,21,4,8.86,0.76,HIGH
high,731.0,J2,25,9,6.01,0.8,CRITICAL
high,731.0,J3,19,2,8.95,0.89,HIGH
high,731.0,J4,13,3,8.85,1.38,MODERATE
high,736.0,J1,19,6,7.62,2.21,HIGH
high,736.0,J2,19,5,6.61,2.05,HIGH
high,736.0,J3,17,3,9.28,1.76,HIGH
high,736.0,J4,13,3,8.91,2.38,MODERATE
high,741.0,J1,17,8,5.76,4.41,HIGH
high,741.0,J2,13,5,7.13,4.62,MODERATE
high,741.0,J3,13,4,7.74,3.69,MODERATE
high,741.0,J4,16,4,8.31,2.88,HIGH
high,746.0,J1,16,10,4.89,6.94,CRITICAL
high,746.0,J2,11,6,5.54,7.73,HIGH
high,746.0,J3,10,6,4.53,7.1,HIGH
high,746.0,J4,16,4,8.29,4.12,HIGH
high,751.0,J1,15,10,3.59,10.4,CRITICAL
high,751.0,J2,11,6,4.33,10.45,HIGH
high,751.0,J3,12,6,5.4,8.42,HIGH
high,751.0,J4,13,5,6.87,6.62,MODERATE
high,756.0,J1,16,11,3.1,12.94,CRITICAL
high,756.0,J2,13,8,4.6,11.38,HIGH
high,756.0,J3,14,7,5.36,9.57,HIGH
high,756.0,J4,10,5,6.45,10.9,MODERATE
high,761.0,J1,19,14,3.19,13.95,CRITICAL
high,761.0,J2,14,8,4.87,13.07,HIGH
high,761.0,J3,13,8,3.75,13.23,HIGH
high,761.0,J4,11,7,4.98,12.27,HIGH
high,766.0,J1,19,15,2.28,11.05,CRITICAL
high,766.0,J2,15,9,4.25,4.27,HIGH
high,766.0,J3,16,11,3.52,8.12,CRITICAL
high,766.0,J4,11,7,4.99,4.09,HIGH
high,771.0,J1,20,9,4.43,0.9,HIGH
high,771.0,J2,15,5,5.89,0.4,HIGH
high,771.0,J3,18,6,5.1,0.67,HIGH
high,771.0,J4,12,3,6.34,0.67,MODERATE
high,776.0,J1,25,3,7.28,0.68,CRITICAL
high,776.0,J2,16,5,7.78,1.5,HIGH
high,776.0,J3,18,6,8.2,1.72,HIGH
high,776.0,J4,14,4,8.42,1.86,MODERATE
high,781.0,J1,19,4,7.83,1.84,HIGH
high,781.0,J2,18,7,7.14,2.72,HIGH
high,781.0,J3,12,6,5.59,4.83,HIGH
high,781.0,J4,15,5,7.53,3.13,HIGH
high,786.0,J1,13,5,6.32,4.31,MODERATE
high,786.0,J2,21,8,7.08,4.05,HIGH
high,786.0,J3,12,7,4.14,7.42,HIGH
high,786.0,J4,12,5,6.18,6.0,MODERATE
high,791.0,J1,11,6,4.84,7.45,HIGH
high,791.0,J2,21,11,5.68,6.05,CRITICAL
high,791.0,J3,14,8,3.92,8.93,HIGH
high,791.0,J4,10,6,4.54,9.9,HIGH
high,796.0,J1,12,7,4.64,9.5,HIGH
high,796.0,J2,17,11,3.68,10.41,CRITICAL
high,796.0,J3,13,9,3.45,12.92,HIGH
high,796.0,J4,10,7,2.88,13.0,CRITICAL
high,801.0,J1,14,8,4.47,10.79,HIGH
high,801.0,J2,18,14,2.8,12.94,CRITICAL
high,801.0,J3,16,12,2.93,13.06,CRITICAL
high,801.0,J4,12,8,3.64,13.75,HIGH
high,806.0,J1,14,9,3.24,13.79,HIGH
high,806.0,J2,20,15,2.51,14.85,CRITICAL
high,806.0,J3,16,12,2.62,16.5,CRITICAL
high,806.0,J4,12,8,3.9,16.92,HIGH
high,811.0,J1,16,11,2.98,7.44,CRITICAL
high,811.0,J2,22,18,1.97,11.23,CRITICAL
high,811.0,J3,17,14,2.28,9.18,CRITICAL
high,811.0,J4,13,9,3.25,6.69,HIGH
high,816.0,J1,18,7,5.7,0.39,HIGH
high,816.0,J2,21,12,3.1,1.86,CRITICAL
high,816.0,J3,16,6,5.36,0.06,HIGH
high,816.0,J4,12,2,7.52,0.33,MODERATE
high,821.0,J1,22,6,7.85,1.09,HIGH
high,821.0,J2,26,8,6.12,0.62,CRITICAL
high,821.0,J3,18,3,9.35,0.61,HIGH
high,821.0,J4,11,3,8.97,1.55,MODERATE
high,826.0,J1,19,6,7.82,2.47,HIGH
high,826.0,J2,20,3,7.29,1.45,HIGH
high,826.0,J3,16,3,9.1,1.56,HIGH
high,826.0,J4,12,4,7.8,2.67,MODERATE
high,831.0,J1,16,8,5.56,4.81,HIGH
high,831.0,J2,15,5,7.73,3.13,HIGH
high,831.0,J3,12,4,7.37,3.67,MODERATE
high,831.0,J4,15,4,8.14,3.47,HIGH
high,836.0,J1,13,9,2.88,9.15,CRITICAL
high,836.0,J2,10,5,6.3,6.8,MODERATE
high,836.0,J3,11,5,5.99,5.91,MODERATE
high,836.0,J4,16,4,8.11,4.5,HIGH
high,841.0,J1,17,12,3.33,9.76,CRITICAL
high,841.0,J2,10,6,4.79,9.3,HIGH
high,841.0,J3,13,6,5.5,7.08,HIGH
high,841.0,J4,15,5,7.6,6.27,HIGH
high,846.0,J1,18,13,3.63,12.33,CRITICAL
high,846.0,J2,13,7,5.02,9.38,HIGH
high,846.0,J3,14,7,5.42,9.0,HIGH
high,846.0,J4,10,6,4.6,11.9,HIGH
high,851.0,J1,19,13,3.27,14.95,CRITICAL
high,851.0,J2,12,7,5.03,12.92,HIGH
high,851.0,J3,13,8,4.25,12.54,HIGH
high,851.0,J4,10,6,4.58,14.6,HIGH
high,856.0,J1,21,16,2.78,10.76,CRITICAL
high,856.0,J2,13,8,3.5,5.46,HIGH
high,856.0,J3,15,10,4.01,5.93,CRITICAL
high,856.0,J4,12,8,4.12,2.0,HIGH
high,861.0,J1,23,13,3.69,1.04,CRITICAL
high,861.0,J2,14,3,5.78,0.43,MODERATE
high,861.0,J3,17,3,7.0,0.29,HIGH
high,861.0,J4,10,2,7.06,0.3,MODERATE
high,866.0,J1,26,6,6.77,1.12,CRITICAL
high,866.0,J2,16,5,7.33,1.44,HIGH
high,866.0,J3,15,5,7.95,1.2,HIGH
high,866.0,J4,16,5,8.74,1.12,HIGH
high,871.0,J1,21,5,7.41,2.57,HIGH
high,871.0,J2,18,5,7.23,2.44,HIGH
high,871.0,J3,11,5,6.62,3.73,MODERATE
high,871.0,J4,14,5,8.03,2.79,MODERATE
high,876.0,J1,16,8,6.05,5.12,HIGH
high,876.0,J2,20,8,6.46,3.6,HIGH
high,876.0,J3,11,6,5.69,6.09,HIGH
high,876.0,J4,10,6,5.22,6.4,HIGH
high,881.0,J1,14,8,4.85,8.5,HIGH
high,881.0,J2,20,9,5.64,5.45,HIGH
high,881.0,J3,13,9,3.31,7.62,HIGH
high,881.0,J4,10,7,2.98,9.4,CRITICAL
high,886.0,J1,14,10,3.7,11.36,CRITICAL
high,886.0,J2,20,11,4.72,7.65,CRITICAL
high,886.0,J3,13,9,3.65,10.69,HIGH
high,886.0,J4,11,7,4.22,11.64,HIGH
high,891.0,J1,15,10,3.75,13.67,CRITICAL
high,891.0,J2,18,14,2.88,11.39,CRITICAL
high,891.0,J3,12,10,1.94,15.0,CRITICAL
high,891.0,J4,12,8,3.25,13.58,HIGH
high,896.0,J1,16,11,3.35,16.0,CRITICAL
high,896.0,J2,20,16,2.29,13.55,CRITICAL
high,896.0,J3,15,12,2.23,15.33,CRITICAL
high,896.0,J4,12,8,3.78,16.83,HIGH
